Z,E,f0,X2i,alpha
30.0,0.0,2.4,-11.276860073095875,0.2587053006398329
30.0,0.0,2.6,-8.965330936293801,0.20567592576084306
30.0,0.0,2.8,-6.425838788357878,0.1474167937555015
30.0,0.0,3.0,-3.1685204257767405,0.07268982890810885
30.0,0.0,3.2,2.2194117491905474,-0.05091608657872511
30.0,0.0,3.4,17.251744127076012,-0.39577662771614014
30.0,0.0,3.6,-53.75406093535254,1.2331855148287292
30.0,0.0,3.8,-21.511142345280323,0.49349256011599996
30.0,10.0,2.4,-7.741924059865774,0.17760943901545406
30.0,10.0,2.6,-4.86602670320953,0.11163274998673238
30.0,10.0,2.8,-1.2463766958230638,0.028593443184833766
30.0,10.0,3.0,4.360460695460338,-0.10003443226528813
30.0,10.0,3.2,17.02634202632546,-0.39060562108295127
30.0,10.0,3.4,51.53484846788385,-1.182274000022415
30.0,10.0,3.6,-34.33678888071584,0.7877289629216221
30.0,10.0,3.8,-16.801625978514657,0.3854503533638646
30.0,20.0,2.4,-3.652682750722943,0.0837971193259903
30.0,20.0,2.6,0.4599617939255637,-0.010552099911591954
30.0,20.0,2.8,6.688065043791185,-0.15343259263992512
30.0,20.0,3.0,19.740298236586597,-0.45286717729167303
30.0,20.0,3.2,79.55723060683862,-1.8251425599683162
30.0,20.0,3.4,-56.24555514933121,1.290343514084882
30.0,20.0,3.6,-24.768287518577505,0.5682155517842025
30.0,20.0,3.8,-13.219135764274805,0.30326353878013623
30.0,30.0,2.4,1.6737422121805199,-0.03839774364397747
30.0,30.0,2.6,8.595477192512085,-0.1971910174301903
30.0,30.0,2.8,22.810494470299883,-0.5233013260279021
30.0,30.0,3.0,88.01526277772446,-2.0191804163757765
30.0,30.0,3.2,-78.6114683644415,1.8034455890325072
30.0,30.0,3.4,-33.13918341845009,0.7602543929477917
30.0,30.0,3.6,-19.665877506563433,0.45115987249142886
30.0,30.0,3.8,-9.300740176059959,0.21337063400840756
30.0,40.0,2.4,9.62884423244463,-0.22089775219538013
30.0,40.0,2.6,24.797469914676814,-0.568885032517964
30.0,40.0,2.8,95.35090080535994,-2.1874691447117867
30.0,40.0,3.0,-95.0028814587666,2.1794851448124075
30.0,40.0,3.2,-38.91316624852082,0.8927167942066728
30.0,40.0,3.4,-24.419086233789503,0.5602044367416005
30.0,40.0,3.6,-15.671655767032926,0.35952742079393135
30.0,40.0,3.8,-3.6791005770727003,0.08440317736553007
30.0,50.0,2.4,24.652514101123476,-0.5655595645169663
30.0,50.0,2.6,91.88945755939699,-2.1080592992592373
30.0,50.0,2.8,-111.19110898802643,2.5508633691263536
30.0,50.0,3.0,-42.78457284807715,0.9815317126986334
30.0,50.0,3.2,-27.245190689606282,0.6250388142316576
30.0,50.0,3.4,-19.135259368507,0.43898682750895696
30.0,50.0,3.6,-11.796040695862017,0.2706159546896722
30.0,50.0,3.8,5.975135198735784,-0.13707708865170082
30.0,60.0,2.4,75.76335107999327,-1.738106209670287
30.0,60.0,2.6,-142.99354001918164,3.280450987280939
30.0,60.0,2.8,-46.79995831101386,1.0736496867304484
30.0,60.0,3.0,-29.25874825142578,0.6712323478047946
30.0,60.0,3.2,-20.991951582418487,0.48158167343965935
30.0,60.0,3.4,-14.96677325638812,0.3433565327408652
30.0,60.0,3.6,-7.2193598381340305,0.16562116096549714
30.0,60.0,3.8,-8.128833269446602,0.18648562110303127
30.0,70.0,2.4,-253.01066510506982,5.804381694621979
30.0,70.0,2.6,-53.14690186341016,1.2192565249126617
30.0,70.0,2.8,-31.472543791968604,0.7220195915197041
30.0,70.0,3.0,-22.362403995418827,0.513021569050646
30.0,70.0,3.2,-16.48745792631069,0.3782429445754229
30.0,70.0,3.4,-10.941484188450413,0.25101135760053306
30.0,70.0,3.6,-0.3983079025253178,0.009137682386950507
30.0,70.0,3.8,-37.52252258831303,0.8608136860839377
30.0,80.0,2.4,-65.7683217001739,1.5088077113427953
30.0,80.0,2.6,-34.78537023492743,0.7980199812858212
30.0,80.0,2.8,-23.935063249860026,0.5491003429812451
30.0,80.0,3.0,-17.616983620343614,0.4041556793580743
30.0,80.0,3.2,-12.51537940576872,0.28711848606826657
30.0,80.0,3.4,-6.2143725301665205,0.14256549281304362
30.0,80.0,3.6,13.278551247937665,-0.30462660442642664
30.0,80.0,3.8,-27.632996115633684,0.6339355566475307
30.0,90.0,2.4,-40.50047596930328,0.929131668193029
30.0,90.0,2.6,-26.23748445362412,0.6019207704635726
30.0,90.0,2.8,-18.933350829824764,0.434354792628418
30.0,90.0,3.0,-13.650498567629683,0.3131595420118344
30.0,90.0,3.2,-8.338557354639267,0.19129695441385483
30.0,90.0,3.4,0.7984778544012795,-0.018318082519261165
30.0,90.0,3.6,-6.3280070168402585,0.14517241032797487
30.0,90.0,3.8,-21.614952100318078,0.49587408597624033
30.0,100.0,2.4,-29.942284441019833,0.6869135245047718
30.0,100.0,2.6,-20.80936123160254,0.4773928219955885
30.0,100.0,2.8,-14.93105127665776,0.34253702576412787
30.0,100.0,3.0,-9.757371488196473,0.22384632849447086
30.0,100.0,3.2,-3.0466299033993463,0.06989350758884173
30.0,100.0,3.4,15.629567949234687,-0.3585618735151507
30.0,100.0,3.6,-44.14551385521455,1.0127534047407782
30.0,100.0,3.8,-17.37061769219319,0.39850373625543456
30.0,110.0,2.4,-23.671528681350054,0.5430545297554502
30.0,110.0,2.6,-16.666539001998842,0.3823512888507358
30.0,110.0,2.8,-11.221668449045339,0.25743913562579146
30.0,110.0,3.0,-5.288473573551057,0.12132421054292049
30.0,110.0,3.2,5.4902347181885505,-0.12595286401937972
30.0,110.0,3.4,64.10544023913789,-1.470659126939227
30.0,110.0,3.6,-29.712264043520936,0.6816365683571809
30.0,110.0,3.8,-13.615060718460937,0.31234655334621264
30.0,120.0,2.4,-19.15856289014996,0.43952143949611744
30.0,120.0,2.6,-13.036863392105504,0.29908198216466525
30.0,120.0,2.8,-7.287304084419087,0.16717988711337747
30.0,120.0,3.0,0.866516818611294,-0.019878981615027127
30.0,120.0,3.2,26.386314974617783,-0.6053351291084856
30.0,120.0,3.4,-62.29367592105499,1.4290949832361048
30.0,120.0,3.6,-22.58852234760767,0.5182090073893341
30.0,120.0,3.8,-9.484145167471326,0.21757817432852944
30.0,130.0,2.4,-15.44234392180635,0.35426671972332474
30.0,130.0,2.6,-9.456033378022696,0.21693325465286703
30.0,130.0,2.8,-2.4690974070533103,0.056644188440780674
30.0,130.0,3.0,11.862426293583079,-0.272138923486417
30.0,130.0,3.2,93.03295562329079,-2.134292577714691
30.0,130.0,3.4,-34.87612056538442,0.8001019075819586
30.0,130.0,3.6,-17.877835713078024,0.41013995322827923
30.0,130.0,3.8,-3.772608609542015,0.08654836880139154
30.0,140.0,2.4,-12.030340148228207,0.275991077717824
30.0,140.0,2.6,-5.484424689277708,0.1258195746758601
30.0,140.0,2.8,4.589171876321503,-0.10528135334268474
30.0,140.0,3.0,44.76338164463318,-1.026928066054398
30.0,140.0,3.2,-60.63510037130246,1.3910451818329375
30.0,140.0,3.4,-25.17167862615553,0.5774698492646143
30.0,140.0,3.6,-13.898275485481172,0.3188438549862688
30.0,140.0,3.8,5.883210756655732,-0.1349682267637001
30.0,150.0,2.4,-8.570569713715901,0.19661960865608302
30.0,150.0,2.6,-0.463823082411784,0.0106406827078854
30.0,150.0,2.8,18.18874483516593,-0.417272598076229
30.0,150.0,3.0,-212.80698316463366,4.8820588533513805
30.0,150.0,3.2,-34.73173098281588,0.7967894296292728
30.0,150.0,3.4,-19.574444976239775,0.4490622956755139
30.0,150.0,3.6,-9.737485182688564,0.22339011172741946
30.0,150.0,3.8,-9.035060805528088,0.20727561633666838
30.0,160.0,2.4,-4.690351460596233,0.10760253978986402
30.0,160.0,2.6,7.047058521801271,-0.16166835286523062
30.0,160.0,2.8,66.37003852665603,-1.5226118493285539
30.0,160.0,3.0,-54.93319260112928,1.2602362727623577
30.0,160.0,3.2,-25.21263754253514,0.5784094981302723
30.0,160.0,3.4,-15.296843584057635,0.3509287596549646
30.0,160.0,3.6,-4.3055532359563085,0.09877478634201832
30.0,160.0,3.8,-37.94539963343065,0.8705150153885234
30.0,170.0,2.4,0.18568906068865587,-0.0042599397314148505
30.0,170.0,2.6,21.667318474825738,-0.4970754362255658
30.0,170.0,2.8,-175.7998800489734,4.03306953582074
30.0,170.0,3.0,-33.73233493279281,0.7738620319402368
30.0,170.0,3.2,-19.598797754786982,0.44962097893083797
30.0,170.0,3.4,-11.257115440045087,0.2582523340164717
30.0,170.0,3.6,5.027819803252197,-0.11534448643789663
30.0,170.0,3.8,-27.874391002907686,0.6394734578434612
30.0,180.0,2.4,7.270705500408449,-0.16679909479718014
30.0,180.0,2.6,73.10934248647017,-1.677219926907394
30.0,180.0,2.8,-53.608494225830505,1.2298460321087212
30.0,180.0,3.0,-24.91743485654508,0.571637178607487
30.0,180.0,3.2,-15.313951887719266,0.35132124557866423
30.0,180.0,3.4,-6.583278084521041,0.1510286484900999
30.0,180.0,3.6,23.459632235200065,-0.5381933597621708
30.0,180.0,3.8,-21.511142553791704,0.4934925648995123
50.0,0.0,2.4,-11.27686009483114,0.25870530113846707
50.0,0.0,2.6,-8.96533093629409,0.20567592576084967
50.0,0.0,2.8,-6.42583878835801,0.14741679375550454
50.0,0.0,3.0,-3.16852042577664,0.07268982890810655
50.0,0.0,3.2,2.219411749190516,-0.05091608657872439
50.0,0.0,3.4,17.25174412707595,-0.3957766277161387
50.0,0.0,3.6,-53.754060935350516,1.2331855148286825
50.0,0.0,3.8,-21.511142345280522,0.4934925601160045
50.0,10.0,2.4,-9.131631691991325,0.209491073481085
50.0,10.0,2.6,-6.417475490289122,0.14722492921810426
50.0,10.0,2.8,-3.0713139082657492,0.07045978959097397
50.0,10.0,3.0,2.0062154600516346,-0.04602509655850069
50.0,10.0,3.2,13.428013171954621,-0.3080554482478787
50.0,10.0,3.4,8.300330424269033,-0.1904199807305896
50.0,10.0,3.6,-27.50873537233575,0.6310848594903213
50.0,10.0,3.8,-14.863097583219554,0.34097808288671644
50.0,20.0,2.4,-6.5482338136522005,0.15022468900385452
50.0,20.0,2.6,-2.9257518650830128,0.0671204139226369
50.0,20.0,2.8,2.196955634242507,-0.05040091516299604
50.0,20.0,3.0,12.78439036963534,-0.29328993466578557
50.0,20.0,3.2,60.80509354881806,-1.394945038336506
50.0,20.0,3.4,-37.9644276440188,0.870951541794622
50.0,20.0,3.6,-18.8401573083496,0.43221681646886295
50.0,20.0,3.8,-11.032061082474664,0.25308930504757743
50.0,30.0,2.4,-2.8573525637556747,0.06555124824187614
50.0,30.0,2.6,2.564011946958758,-0.05882164691966283
50.0,30.0,2.8,13.859954764284643,-0.317964729623923
50.0,30.0,3.0,72.9288303701145,-1.6730787527659907
50.0,30.0,3.2,-47.99031144554928,1.1009578792185555
50.0,30.0,3.4,-22.879702750356564,0.5248890506944116
50.0,30.0,3.6,-14.049322405958568,0.3223090606126164
50.0,30.0,3.8,-7.338801346032112,0.16836129882385092
50.0,40.0,2.4,2.723172961112409,-0.06247300002237601
50.0,40.0,2.6,15.045550497286929,-0.3451637813595587
50.0,40.0,2.8,86.15617203312813,-1.9765305451456652
50.0,40.0,3.0,-54.09421573198605,1.24098909209729
50.0,40.0,3.2,-25.790674556415507,0.5916703915427608
50.0,40.0,3.4,-16.61582523704003,0.38118785153527707
50.0,40.0,3.6,-10.415560205733636,0.2389460024236031
50.0,40.0,3.8,-3.0044050376893527,0.06892481625923641
50.0,50.0,2.4,15.128710171505343,-0.34707156849004844
50.0,50.0,2.6,92.75712221906352,-2.1279646137863835
50.0,50.0,2.8,-58.2846751480197,1.3371234819910172
50.0,50.0,3.0,-27.75166934943826,0.6366580693354872
50.0,50.0,3.2,-18.42907778509607,0.42278613709882196
50.0,50.0,3.4,-12.691957149909276,0.2911694007810573
50.0,50.0,3.6,-7.0192363202144366,0.16103007669798824
50.0,50.0,3.8,3.553516783478799,-0.08152212777667217
50.0,60.0,2.4,79.83927951142871,-1.8316131152633315
50.0,60.0,2.6,-65.3295675838908,1.4987421421307778
50.0,60.0,2.8,-29.705731802570348,0.6814867105644957
50.0,60.0,3.0,-19.882301964943377,0.45612492075912675
50.0,60.0,3.2,-14.292957648123393,0.3278983583570377
50.0,60.0,3.4,-9.541515368211329,0.21889431862171083
50.0,60.0,3.6,-3.0995843562023495,0.07110834909115878
50.0,60.0,3.8,17.877227991142647,-0.41012601132557064
50.0,70.0,2.4,-83.51778680243022,1.9160026819029665
50.0,70.0,2.6,-32.64503705778887,0.748918056240029
50.0,70.0,2.8,-21.48322201202211,0.4928520326852515
50.0,70.0,3.0,-15.65902149627156,0.3592375747911879
50.0,70.0,3.2,-11.239236427305286,0.2578421670607755
50.0,70.0,3.4,-6.443207011955527,0.14781524256822817
50.0,70.0,3.6,2.7009604476659104,-0.06196341713033919
50.0,70.0,3.8,-20.213881805623284,0.4637317777931924
50.0,80.0,2.4,-37.90893824953492,0.8696785455537159
50.0,80.0,2.6,-23.68589931426143,0.5433842100816779
50.0,80.0,2.8,-17.160899592802416,0.393692540266407
50.0,80.0,3.0,-12.675638856278388,0.2907950386773916
50.0,80.0,3.2,-8.491650589557711,0.19480910505763127
50.0,80.0,3.4,-2.719684610485322,0.06239297288788395
50.0,80.0,3.6,14.967711538524796,-0.34337805810880273
50.0,80.0,3.8,-34.49152274996593,0.7912787517727771
50.0,90.0,2.4,-27.064886760988497,0.6209024161778329
50.0,90.0,2.6,-19.091788489338246,0.4379895510692801
50.0,90.0,2.8,-14.19505693177637,0.32565239324873263
50.0,90.0,3.0,-10.130521932836546,0.2324068672737727
50.0,90.0,3.2,-5.5412298532645075,0.127122756317899
50.0,90.0,3.4,2.9923241710549484,-0.06864766604061308
50.0,90.0,3.6,17.400876720218093,-0.39919791627465184
50.0,90.0,3.8,-21.641908104472638,0.4964924904889904
50.0,100.0,2.4,-21.797790191527252,0.500068620895365
50.0,100.0,2.6,-16.03323677010524,0.36782254208648407
50.0,100.0,2.8,-11.763732618914148,0.2698747669205844
50.0,100.0,3.0,-7.584851530587181,0.174005998372768
50.0,100.0,3.2,-1.7062008649782328,0.03914238581174101
50.0,100.0,3.4,15.816393592234768,-0.3628478878689935
50.0,100.0,3.6,-38.785980533718394,0.8897989945379908
50.0,100.0,3.8,-15.465238429198923,0.3547919484110627
50.0,110.0,2.4,-18.441799925651893,0.4230779989447563
50.0,110.0,2.6,-13.621600963749938,0.3124965947684509
50.0,110.0,2.8,-9.461667858534076,0.2170625166961306
50.0,110.0,3.0,-4.599723325086444,0.10552341679893285
50.0,110.0,3.2,4.71914014254005,-0.10826298822755179
50.0,110.0,3.4,35.5927801761698,-0.8165429770696426
50.0,110.0,3.6,-23.098880209524367,0.5299172562498534
50.0,110.0,3.8,-11.215638766533791,0.2573008071534329
50.0,120.0,2.4,-15.916149669399188,0.3651364172793249
50.0,120.0,2.6,-11.451100999025511,0.2627026058146957
50.0,120.0,2.8,-6.965385511183385,0.15979467166061317
50.0,120.0,3.0,-0.3714202638305695,0.008520846263514384
50.0,120.0,3.2,21.65139081886672,-0.49671003583958456
50.0,120.0,3.4,-41.128095824780274,0.9435300541219348
50.0,120.0,3.6,-16.426486245672525,0.37684417782051344
50.0,120.0,3.8,-7.397505349400504,0.16970804222065997
50.0,130.0,2.4,-13.760985832776583,0.31569425832128795
50.0,130.0,2.6,-9.253709566809947,0.21229169290011743
50.0,130.0,2.8,-3.8269948578176582,0.08779605748597412
50.0,130.0,3.0,7.53540075136323,-0.17287153553266166
50.0,130.0,3.2,-50.138021707837964,1.1502290438416092
50.0,130.0,3.4,-23.692209178363534,0.5435289662708077
50.0,130.0,3.6,-12.22379208090043,0.280429107459873
50.0,130.0,3.8,-3.0310032114833128,0.06953501169513206
50.0,140.0,2.4,-11.719032702949441,0.2688492948367537
50.0,140.0,2.6,-6.747376226973161,0.1547932655024895
50.0,140.0,2.8,0.9420008128542968,-0.02161067902880645
50.0,140.0,3.0,33.98891581707433,-0.7797483189364592
50.0,140.0,3.2,-37.7028740956326,0.8649511756528002
50.0,140.0,3.4,-16.97355500513241,0.38939462067156816
50.0,140.0,3.6,-8.761415332530916,0.20099784629238446
50.0,140.0,3.8,3.5358324799353644,-0.0811164276939226
50.0,150.0,2.4,-9.582874687512858,0.21984315323212586
50.0,150.0,2.6,-3.4684189218335604,0.07956987619794931
50.0,150.0,2.8,10.75123256061935,-0.24664674686170882
50.0,150.0,3.0,-99.20881582346888,2.275974549419606
50.0,150.0,3.2,-22.96408485446747,0.5268248818984109
50.0,150.0,3.4,-12.924002538958632,0.2964928127722482
50.0,150.0,3.6,-5.198890738122145,0.11926906804566656
50.0,150.0,3.8,17.852719418836728,-0.40956375396620315
50.0,160.0,2.4,-7.103644843214984,0.1629665139844204
50.0,160.0,2.6,1.6845172962878707,-0.03864493757520857
50.0,160.0,2.8,53.14583250934556,-1.2192319925904567
50.0,160.0,3.0,-33.99193512076417,0.7798175855464677
50.0,160.0,3.2,-16.978378877001866,0.3895052863368461
50.0,160.0,3.4,-9.735581188290507,0.22334643171011206
50.0,160.0,3.6,-0.5926753539793578,0.013596715277052774
50.0,160.0,3.8,-21.511060799094974,0.49349068934432594
50.0,170.0,2.4,-3.8542952030671827,0.08842236161492219
50.0,170.0,2.6,12.665142714576703,-0.29055424403447755
50.0,170.0,2.8,-78.33551292110265,1.7971148253740574
50.0,170.0,3.0,-22.37478481135929,0.5133056004822043
50.0,170.0,3.2,-13.287612523639952,0.30483448144534375
50.0,170.0,3.4,-6.646888609766053,0.15248795364691656
50.0,170.0,3.6,7.4037215621506425,-0.16985064993042506
50.0,170.0,3.8,-34.708122279735846,0.7962478163975356
50.0,180.0,2.4,1.1554120723672567,-0.026506600738781926
50.0,180.0,2.6,64.57440230726564,-1.4814177044188854
50.0,180.0,2.8,-32.87465277869613,0.7541857285995246
50.0,180.0,3.0,-17.14799779218967,0.3933965567936424
50.0,180.0,3.2,-10.385811187996843,0.23826352267946774
50.0,180.0,3.4,-2.9828897890248376,0.06843122949501171
50.0,180.0,3.6,28.26503613626182,-0.6484353467037283
50.0,180.0,3.8,-21.511142561576985,0.49349256507811645
70.0,0.0,2.4,-11.276860094831289,0.2587053011384705
70.0,0.0,2.6,-8.965330936293954,0.20567592576084656
70.0,0.0,2.8,-6.42583878835794,0.14741679375550296
70.0,0.0,3.0,-3.168520425776712,0.0726898289081082
70.0,0.0,3.2,2.2194117491906096,-0.05091608657872654
70.0,0.0,3.4,17.25174412707434,-0.3957766277161018
70.0,0.0,3.6,-53.754060935346125,1.233185514828582
70.0,0.0,3.8,-21.511142345280305,0.49349256011599957
70.0,10.0,2.4,-9.747044361950323,0.22360941127789302
70.0,10.0,2.6,-7.054233021126391,0.16183294486981473
70.0,10.0,2.8,-3.71544997337398,0.08523707806459385
70.0,10.0,3.0,1.3520307103870224,-0.031017278669569926
70.0,10.0,3.2,13.452407516954635,-0.3086150850897153
70.0,10.0,3.4,-40.394281180595655,0.9266954266718156
70.0,10.0,3.6,-23.169400332731634,0.5315350762420532
70.0,10.0,3.8,-13.540474055220745,0.3106354418300458
70.0,20.0,2.4,-7.607379139550982,0.1745228099508048
70.0,20.0,2.6,-3.8989931396702042,0.08944778828971556
70.0,20.0,2.8,1.0700595889585953,-0.02454850781775022
70.0,20.0,3.0,13.194793058882482,-0.30270508661560747
70.0,20.0,3.2,-16.611443893629744,0.3810873380273664
70.0,20.0,3.4,-26.814716850292402,0.6151632049489837
70.0,20.0,3.6,-15.231478465675163,0.34942920193296717
70.0,20.0,3.8,-9.527432203303563,0.21857123317170013
70.0,30.0,2.4,-4.286383080290187,0.09833499894971498
70.0,30.0,2.6,0.8875027261400277,-0.020360424630301705
70.0,30.0,2.8,13.875328133019867,-0.3183174139664362
70.0,30.0,3.0,-12.20986333030445,0.2801095644676648
70.0,30.0,3.2,-29.531676773113237,0.6774936700876518
70.0,30.0,3.4,-16.91289061362738,0.38800290351442396
70.0,30.0,3.6,-11.025628824280503,0.2529417409846089
70.0,30.0,3.8,-6.158065783148234,0.14127374548080793
70.0,40.0,2.4,0.39820193794741426,-0.009135251426753609
70.0,40.0,2.6,14.236547463023928,-0.3266042380256058
70.0,40.0,2.8,-24.73017989486929,0.5673413151452622
70.0,40.0,3.0,-31.53664361383895,0.7234901217542231
70.0,40.0,3.2,-18.355734819061283,0.4211035575549723
70.0,40.0,3.4,-12.500163692308949,0.2867694185353235
70.0,40.0,3.6,-7.981932662305645,0.18311553710019396
70.0,40.0,3.8,-2.6982290812610774,0.061900756162451
70.0,50.0,2.4,13.193128724181655,-0.30266690469206214
70.0,50.0,2.6,28.427877924544372,-0.652171141377183
70.0,50.0,2.8,-33.810591592092386,0.7756573377647249
70.0,50.0,3.0,-19.738735295580998,0.4528313214665484
70.0,50.0,3.2,-13.851992932810406,0.31778207523326507
70.0,50.0,3.4,-9.621592265946237,0.22073138299677025
70.0,50.0,3.6,-5.212098513063975,0.11957207095294405
70.0,50.0,3.8,1.8593049979877232,-0.042654786471382
70.0,60.0,2.4,147.62566576860888,-3.386717756296376
70.0,60.0,2.6,-37.7391036380068,0.8657823267525928
70.0,60.0,2.8,-21.420969539190917,0.4914238829525267
70.0,60.0,3.0,-15.216441600678921,0.349084237407885
70.0,60.0,3.2,-11.081165486267599,0.25421582160126766
70.0,60.0,3.4,-7.227557649888541,0.1658092290394816
70.0,60.0,3.6,-2.072254780716603,0.04754012132567337
70.0,60.0,3.8,10.304295921007483,-0.23639346031135067
70.0,70.0,2.4,-45.92135881322804,1.0534935133148562
70.0,70.0,2.6,-23.825222275310473,0.5465804533879345
70.0,70.0,2.8,-16.798129723257233,0.38537014488724763
70.0,70.0,3.0,-12.515203474252754,0.2871144499788379
70.0,70.0,3.2,-8.909234389514745,0.20438900068548846
70.0,70.0,3.4,-4.7911628207701815,0.10991527871476511
70.0,70.0,3.6,2.5118188266033403,-0.05762427133768734
70.0,70.0,3.8,36.86961056927966,-0.8458350662304932
70.0,80.0,2.4,-27.61327846946504,0.6334832091370619
70.0,80.0,2.6,-18.826718946753743,0.4319085236148036
70.0,80.0,2.8,-14.093031214114305,0.32331179544139343
70.0,80.0,3.0,-10.478845562236314,0.24039784780201523
70.0,80.0,3.2,-6.854305127400392,0.15724634846643543
70.0,80.0,3.4,-1.7432751792818686,0.039992917038143345
70.0,80.0,3.6,12.261442311930937,-0.28129285093764694
70.0,80.0,3.8,-44.82330958889275,1.02830288818892
70.0,90.0,2.4,-21.649457156841795,0.49666567520974153
70.0,90.0,2.6,-15.98827383513915,0.36679103601718355
70.0,90.0,2.8,-12.11811659827361,0.27800477947087404
70.0,90.0,3.0,-8.650419649069455,0.1984514662297171
70.0,90.0,3.2,-4.532118436545165,0.10397247594292978
70.0,90.0,3.4,3.213262495151591,-0.07371626804398891
70.0,90.0,3.6,36.562776629741045,-0.8387959111766655
70.0,90.0,3.8,-21.651538789090235,0.49671343046192734
70.0,100.0,2.4,-18.433173082146666,0.4228800883448086
70.0,100.0,2.6,-13.98279661800911,0.3207828756763656
70.0,100.0,2.8,-10.419845236838832,0.23904430640655006
70.0,100.0,3.0,-6.730780771780751,0.15441254496530288
70.0,100.0,3.2,-1.3186372601946093,0.030251191078216333
70.0,100.0,3.4,15.743321816629082,-0.36117152977340483
70.0,100.0,3.6,-34.32231386109941,0.787396887833578
70.0,100.0,3.8,-13.960754623337163,0.320277204698687
70.0,110.0,2.4,-16.259061778446682,0.37300325074973584
70.0,110.0,2.6,-12.331554810251966,0.2829013195041787
70.0,110.0,2.8,-8.741960917039101,0.2005515376234856
70.0,110.0,3.0,-4.354678328555928,0.09990177752285818
70.0,110.0,3.2,4.616221204083586,-0.10590189881593134
70.0,110.0,3.4,-28.90669591694165,0.663155826109632
70.0,110.0,3.6,-18.806574044676687,0.4314463743184193
70.0,110.0,3.8,-9.604541470739179,0.22034021638908002
70.0,120.0,2.4,-14.556179515084606,0.3339369978174707
70.0,120.0,2.6,-10.7896052488763,0.24752706441353844
70.0,120.0,2.8,-6.840348725131605,0.15692617111020388
70.0,120.0,3.0,-0.7357165756840949,0.016878260141948286
70.0,120.0,3.2,24.063925751194947,-0.5520566102340939
70.0,120.0,3.4,-28.337753584569082,0.6501035760870985
70.0,120.0,3.6,-12.974254149105024,0.2976456476772032
70.0,120.0,3.8,-6.1806503593752184,0.14179186395924545
70.0,130.0,2.4,-13.05481450885971,0.2994938032768024
70.0,130.0,2.6,-9.171521221985978,0.21040618928306865
70.0,130.0,2.8,-4.3190121225395846,0.0990835500650081
70.0,130.0,3.0,6.943229834059401,-0.15928639266503405
70.0,130.0,3.2,-59.871321775410586,1.3735231437840758
70.0,130.0,3.4,-17.35301757618598,0.3980999675402579
70.0,130.0,3.6,-9.449366794501659,0.21678031487327667
70.0,130.0,3.8,-2.708511300020554,0.06213664314501286
70.0,140.0,2.4,-11.589167659313656,0.2658700280072791
70.0,140.0,2.6,-7.251675318698727,0.16636251858283213
70.0,140.0,2.8,-0.1813405557878251,0.004160179580059672
70.0,140.0,3.0,43.43706105009552,-0.9965006096586864
70.0,140.0,3.2,-24.610672895853813,0.5645996748386112
70.0,140.0,3.4,-12.723324005527335,0.2918889957534341
70.0,140.0,3.6,-6.611472776246849,0.15167547004788218
70.0,140.0,3.8,1.852582152588257,-0.042500555973801084
70.0,150.0,2.4,-10.008888541648366,0.22961644486618651
70.0,150.0,2.6,-4.612075415720665,0.10580678923597145
70.0,150.0,2.8,9.693177555421624,-0.22237363923787615
70.0,150.0,3.0,-45.46386374198007,1.0429980031124355
70.0,150.0,3.2,-16.650540073348335,0.381984253379903
70.0,150.0,3.4,-9.77943104044106,0.22435240226486652
70.0,150.0,3.6,-3.7402398683150073,0.08580578931772441
70.0,150.0,3.8,10.297914570997609,-0.23624706414592062
70.0,160.0,2.4,-8.111412842760377,0.18608597468603916
70.0,160.0,2.6,-0.14253331871576025,0.003269892933896332
70.0,160.0,2.8,79.87897040889881,-1.8325236741863036
70.0,160.0,3.0,-22.915104879433887,0.5257012198963767
70.0,160.0,3.2,-12.883614235335356,0.29556625447823154
70.0,160.0,3.4,-7.36782964918673,0.1690272444723738
70.0,160.0,3.6,-0.0804323880939512,0.0018452197693460243
70.0,160.0,3.8,36.80678694159925,-0.8443938134898371
70.0,170.0,2.4,-5.5150366425885915,0.12652185124337367
70.0,170.0,2.6,10.930642894893522,-0.2507626447415652
70.0,170.0,2.8,-40.17261424578853,0.9216101094257495
70.0,170.0,3.0,-16.69616368573089,0.38303091621700464
70.0,170.0,3.2,-10.36744491993672,0.23784217747616404
70.0,170.0,3.4,-4.947047429609394,0.11349146697403822
70.0,170.0,3.6,6.212225099616398,-0.14251622806536818
70.0,170.0,3.8,-45.038786095167374,1.0332461892474827
70.0,180.0,2.4,-1.248302398488886,0.02863762121700542
70.0,180.0,2.6,106.68153921977132,-2.4474081878887937
70.0,180.0,2.8,-23.037461978540346,0.5285082450704565
70.0,180.0,3.0,-13.476040214623527,0.3091572487873875
70.0,180.0,3.2,-8.272049963051366,0.1897711915131899
70.0,180.0,3.4,-1.957668830531503,0.04491137604555224
70.0,180.0,3.6,24.174714142209375,-0.5545982347482769
70.0,180.0,3.8,-21.511142554974832,0.4934925649266548
